# --------------------------------------------------------
# Host:                         127.0.0.1
# Database:                     datosnuevos
# Server version:               6.0.4-alpha-community-log
# Server OS:                    Win32
# HeidiSQL version:             5.0.0.3272
# Date/time:                    2013-09-18 10:16:31
# --------------------------------------------------------

/*!40101 SET @OLD_CHARACTER_SET_CLIENT=@@CHARACTER_SET_CLIENT */;
/*!40101 SET NAMES utf8 */;
/*!40014 SET @OLD_FOREIGN_KEY_CHECKS=@@FOREIGN_KEY_CHECKS, FOREIGN_KEY_CHECKS=0 */;
/*!40101 SET @OLD_SQL_MODE=@@SQL_MODE, SQL_MODE='NO_AUTO_VALUE_ON_ZERO' */;

# Dumping structure for table datosnuevos.articulos
CREATE TABLE IF NOT EXISTS `articulos` (
  `CodArt` int(11) NOT NULL AUTO_INCREMENT,
  `Nombre` varchar(100) CHARACTER SET utf8 NOT NULL,
  `CodGru` int(11) NOT NULL,
  `Precio` float NOT NULL,
  `ImpEnFac` smallint(6) NOT NULL,
  `Salida` varchar(50) CHARACTER SET utf8 NOT NULL,
  `TipoSalida` varchar(50) CHARACTER SET utf8 NOT NULL,
  PRIMARY KEY (`CodArt`)
) ENGINE=MyISAM AUTO_INCREMENT=33 DEFAULT CHARSET=latin1;

# Dumping data for table datosnuevos.articulos: 32 rows
/*!40000 ALTER TABLE `articulos` DISABLE KEYS */;
INSERT INTO `articulos` (`CodArt`, `Nombre`, `CodGru`, `Precio`, `ImpEnFac`, `Salida`, `TipoSalida`) VALUES (1, 'Caña', 0, 1.2, 0, 'Barra', 'Impresora'), (2, 'Tubo', 0, 1.3, 0, 'Barra', 'Impresora'), (3, 'San Miguel Bt', 0, 1.5, 0, 'Barra', 'Impresora'), (4, 'Cruzcampo Bt', 0, 1.5, 0, 'Barra', 'Impresora'), (5, 'Heineken', 0, 2, 0, 'Barra', 'Impresora'), (6, 'Cocacola', 1, 1.5, 0, 'Barra', 'Impresora'), (7, 'Fanta Nr', 1, 1.5, 0, 'Barra', 'Impresora'), (8, 'Fanta Li', 1, 1.5, 0, 'Barra', 'Impresora'), (9, 'Agua P', 1, 1.2, 0, 'Barra', 'Impresora'), (10, 'Agua G', 1, 1.5, 0, 'Barra', 'Impresora'), (11, 'Tortilla Española', 2, 1.2, 0, 'Cocina', 'Impresora'), (12, 'Ensaladilla Rusa', 2, 1.2, 0, 'Cocina', 'Impresora'), (13, 'Croquetas Pollo', 2, 1.2, 0, 'Cocina', 'Impresora'), (14, 'Alitas Pollo', 2, 1.2, 0, 'Cocina', 'Impresora'), (15, 'Boquerones Vinagre', 3, 4.9, 0, 'Cocina', 'Impresora'), (16, 'Boquerones Fritos', 3, 5.5, 0, 'Cocina', 'Impresora'), (17, 'Calamares', 3, 5.5, 0, 'Cocina', 'Impresora'), (18, 'Sardinas', 3, 4.5, 0, 'Cocina', 'Impresora'), (19, 'Marques Caceres', 4, 12.5, 0, 'Barra', 'Impresora'), (20, 'Natillas', 5, 2, 0, '1', 'Terminal'), (21, 'Flan Huevo', 5, 2, 0, '1', 'Terminal'), (22, 'Arroz con Leche', 5, 2, 0, '1', 'Terminal'), (23, 'Macedonia Fruta', 5, 2.95, 0, '1', 'Terminal'), (24, 'Solo', 6, 1.2, 0, '1', 'Terminal'), (25, 'Con Leche', 6, 1.2, 0, '1', 'Terminal'), (26, 'Cafe Irlandes', 6, 3.5, 0, '1', 'Terminal'), (27, 'Tarta Whisky', 7, 3.1, 0, '2', 'Terminal'), (28, 'Copa Suiza', 7, 3.1, 0, '2', 'Terminal'), (29, 'Contessa', 7, 3.1, 0, '2', 'Terminal'), (30, 'Pacharan', 8, 3.5, 0, 'Barra', 'Impresora'), (31, 'Baileys', 8, 3.5, 0, 'Barra', 'Impresora'), (32, 'Amareto', 8, 3.5, 0, 'Barra', 'Impresora');
/*!40000 ALTER TABLE `articulos` ENABLE KEYS */;


# Dumping structure for table datosnuevos.detafact
CREATE TABLE IF NOT EXISTS `detafact` (
  `CodPed` bigint(20) NOT NULL AUTO_INCREMENT,
  `CodFac` bigint(20) NOT NULL,
  `Uni` smallint(6) NOT NULL,
  `Descripcion` varchar(100) CHARACTER SET utf8 NOT NULL,
  `CodArt` int(11) NOT NULL,
  `Importe` float NOT NULL,
  `Nombre` varchar(50) CHARACTER SET utf8 NOT NULL,
  `ImpEnFac` smallint(6) NOT NULL,
  `Grabada` smallint(6) NOT NULL,
  `TipoSalida` varchar(50) CHARACTER SET utf8 NOT NULL,
  `NumSalida` varchar(50) CHARACTER SET utf8 NOT NULL,
  `PediProc` smallint(6) NOT NULL,
  `CodTerminal` smallint(6) NOT NULL,
  `CodPers` smallint(6) NOT NULL,
  `CodLote` bigint(20) NOT NULL,
  UNIQUE KEY `DFCodPed` (`CodPed`),
  KEY `DFCodFac` (`CodFac`),
  KEY `DFCodLote` (`CodLote`)
) ENGINE=MyISAM AUTO_INCREMENT=236 DEFAULT CHARSET=latin1;

# Dumping data for table datosnuevos.detafact: 235 rows
/*!40000 ALTER TABLE `detafact` DISABLE KEYS */;
INSERT INTO `detafact` (`CodPed`, `CodFac`, `Uni`, `Descripcion`, `CodArt`, `Importe`, `Nombre`, `ImpEnFac`, `Grabada`, `TipoSalida`, `NumSalida`, `PediProc`, `CodTerminal`, `CodPers`, `CodLote`) VALUES (1, 1, 1, 'Caña', 1, 1.2, 'Caña', 0, 1, 'Impresora', 'Barra', 0, 1, 1, 1), (2, 1, 1, 'Heineken', 5, 2, 'Heineken', 0, 1, 'Impresora', 'Barra', 0, 1, 1, 1), (3, 1, 1, 'Cocacola', 6, 1.5, 'Cocacola', 0, 1, 'Impresora', 'Barra', 0, 1, 1, 2), (4, 1, 1, 'Fanta Nr', 7, 1.5, 'Fanta Nr', 0, 1, 'Impresora', 'Barra', 0, 1, 1, 2), (5, 2, 1, 'Caña', 1, 1.2, 'Caña', 0, 1, 'Impresora', 'Barra', 0, 1, 1, 3), (6, 2, 1, 'Tubo', 2, 1.3, 'Tubo', 0, 1, 'Impresora', 'Barra', 0, 1, 1, 3), (7, 3, 1, 'Con Leche', 25, 1.2, 'Con Leche', 0, 1, 'Terminal', '1', 0, 1, 1, 4), (8, 3, 1, 'Solo', 24, 1.2, 'Solo', 0, 1, 'Terminal', '1', 0, 1, 1, 4), (9, 3, 1, 'Con Leche Doble Vaso', 25, 1.45, 'Con Leche', 0, 1, 'Terminal', '1', 0, 1, 1, 5), (10, 3, 1, 'Cocacola', 6, 1.5, 'Cocacola', 0, 1, 'Impresora', 'Barra', 0, 1, 1, 6), (11, 3, 1, 'Fanta Nr', 7, 1.5, 'Fanta Nr', 0, 1, 'Impresora', 'Barra', 0, 1, 1, 6), (12, 3, 1, 'Calamares', 17, 5.5, 'Calamares', 0, 1, 'Impresora', 'Cocina', 0, 1, 1, 6), (13, 3, 1, 'Sardinas', 18, 4.5, 'Sardinas', 0, 1, 'Impresora', 'Cocina', 0, 1, 1, 6), (14, 3, 1, 'Con Leche Doble', 25, 1.45, 'Con Leche', 0, 1, 'Terminal', '1', 0, 1, 1, 6), (15, 3, 1, 'Tortilla Española', 11, 1.2, 'Tortilla Española', 0, 1, 'Impresora', 'Cocina', 0, 1, 1, 7), (16, 3, 1, 'Ensaladilla Rusa', 12, 1.2, 'Ensaladilla Rusa', 0, 1, 'Impresora', 'Cocina', 0, 1, 1, 7), (17, 3, 1, 'Croquetas Pollo', 13, 1.2, 'Croquetas Pollo', 0, 1, 'Impresora', 'Cocina', 0, 1, 1, 7), (18, 3, 1, 'Alitas Pollo', 14, 1.2, 'Alitas Pollo', 0, 1, 'Impresora', 'Cocina', 0, 1, 1, 7), (19, 5, 1, 'Tortilla Española', 11, 1.2, 'Tortilla Española', 0, 1, 'Impresora', 'Cocina', 0, 1, 1, 10), (20, 5, 1, 'Ensaladilla Rusa', 12, 1.2, 'Ensaladilla Rusa', 0, 1, 'Impresora', 'Cocina', 0, 1, 1, 10), (21, 1, 2, 'Prueba', 1, 1, 'Prueba', 0, 0, 'Impresora', 'Barra', 0, 1, 1, 1), (22, 1, 0, 'Prueba', 1, 1, 'Prueba', 0, 0, 'Impresora', 'Barra', 0, 1, 1, 1), (23, 1, 1, 'Prueba', 1, 1, 'Prueba', 0, 0, 'Impresora', 'Barra', 0, 1, 1, 1), (24, 1, 2, 'Prueba', 1, 1, 'Prueba', 0, 0, 'Impresora', 'Barra', 0, 1, 1, 1), (25, 1, 0, 'Prueba Desc', 1, 1, 'Prueba Nombre', 0, 0, 'Impresora', 'Barra', 0, 1, 1, 1), (26, 1, 1, 'Prueba Desc', 1, 1, 'Prueba Nombre', 0, 0, 'Impresora', 'Barra', 0, 1, 1, 1), (27, 1, 2, 'Prueba Desc', 1, 1, 'Prueba Nombre', 0, 0, 'Impresora', 'Barra', 0, 1, 1, 1), (28, 1, 0, 'Prueba Desc', 1, 1, 'Prueba Nombre', 0, 0, 'Impresora', 'Barra', 0, 1, 1, 1), (29, 1, 1, 'Prueba Desc', 1, 1, 'Prueba Nombre', 0, 0, 'Impresora', 'Barra', 0, 1, 1, 1), (30, 1, 2, 'Prueba Desc', 1, 1, 'Prueba Nombre', 0, 0, 'Impresora', 'Barra', 0, 1, 1, 1), (31, 1, 0, 'Prueba Desc', 1, 1, 'Prueba Nombre', 0, 0, 'Impresora', 'Barra', 0, 1, 1, 1), (32, 1, 1, 'Prueba Desc', 1, 1, 'Prueba Nombre', 0, 0, 'Impresora', 'Barra', 0, 1, 1, 1), (33, 1, 2, 'Prueba Desc', 1, 1, 'Prueba Nombre', 0, 0, 'Impresora', 'Barra', 0, 1, 1, 1), (34, 1, 0, 'Prueba Desc', 1, 1, 'Prueba Nombre', 0, 0, 'Impresora', 'Barra', 0, 1, 1, 1), (35, 1, 1, 'Prueba Desc', 1, 1, 'Prueba Nombre', 0, 0, 'Impresora', 'Barra', 0, 1, 1, 1), (36, 1, 2, 'Prueba Desc', 1, 1, 'Prueba Nombre', 0, 0, 'Impresora', 'Barra', 0, 1, 1, 1), (37, 7, 0, 'Prueba Desc', 1, 1, 'Prueba Nombre', 0, 0, 'Impresora', 'Barra', 0, 1, 1, 1), (38, 7, 1, 'Prueba Desc', 1, 1, 'Prueba Nombre', 0, 0, 'Impresora', 'Barra', 0, 1, 1, 1), (39, 6, 1, 'Prueba Desc', 1, 1, 'Prueba Nombre', 0, 0, 'Impresora', 'Barra', 0, 1, 1, 1), (40, 6, 2, 'Prueba Desc', 1, 1, 'Prueba Nombre', 0, 0, 'Impresora', 'Barra', 0, 1, 1, 1), (41, 6, 5, 'Prueba Desc', 1, 1, 'Prueba Nombre', 0, 0, 'Impresora', 'Barra', 0, 1, 1, 1), (42, 17, 3, 'Cafe Irlandes', 1, 1, 'Prueba Nombre', 0, 0, 'Impresora', 'Barra', 0, 1, 1, 1), (43, 17, 2, 'Solo / Hielo / Americano', 1, 1, 'Prueba Nombre', 0, 0, 'Impresora', 'Barra', 0, 1, 1, 1), (44, 17, 1, 'Con Leche / Taza', 1, 1, 'Prueba Nombre', 0, 0, 'Impresora', 'Barra', 0, 1, 1, 1), (45, 6, 1, 'Con Leche', 25, 1, 'Prueba Nombre', 0, 0, 'Impresora', 'Barra', 0, 1, 1, 1), (46, 6, 2, 'Solo / Hielo / Corto', 24, 1, 'Prueba Nombre', 0, 0, 'Impresora', 'Barra', 0, 1, 1, 1), (47, 6, 3, 'Cafe Irlandes', 26, 1, 'Prueba Nombre', 0, 0, 'Impresora', 'Barra', 0, 1, 1, 1), (48, 7, 1, 'Solo / Hielo / Hielo', 24, 1.4, 'Prueba Nombre', 0, 0, 'Impresora', 'Barra', 0, 1, 1, 1), (49, 7, 1, 'Con Leche', 25, 1.2, 'Prueba Nombre', 0, 0, 'Impresora', 'Barra', 0, 1, 1, 1), (50, 13, 1, 'Ensaladilla Rusa', 12, 1.2, 'Ensaladilla Rusa', 0, 0, 'Impresora', 'Barra', 0, 1, 1, 1), (51, 13, 2, 'Fanta Nr', 7, 1.5, 'Fanta Nr', 0, 0, 'Impresora', 'Barra', 0, 1, 1, 1), (52, 13, 1, 'Boquerones Fritos', 16, 5.5, 'Boquerones Fritos', 0, 0, 'Impresora', 'Barra', 0, 1, 1, 1), (53, 13, 1, 'Con Leche / Leche Fria', 25, 1.2, 'Con Leche', 0, 0, 'Impresora', 'Barra', 0, 1, 1, 1), (54, 7, 1, 'Marques Caceres', 19, 12.5, 'Marques Caceres', 0, 0, 'Impresora', 'Barra', 0, 1, 1, 1), (55, 7, 1, 'Natillas', 20, 2, 'Natillas', 0, 0, 'Terminal', 'Barra', 0, 1, 1, 1), (56, 7, 1, 'Agua G', 10, 1.5, 'Agua G', 0, 0, 'Impresora', 'Barra', 0, 1, 1, 1), (57, 7, 1, 'Tortilla Española', 11, 1.2, 'Tortilla Española', 0, 0, 'Impresora', 'Cocina', 0, 1, 1, 1), (58, 7, 1, 'Cafe Irlandes', 26, 3.5, 'Cafe Irlandes', 0, 0, 'Terminal', '1', 0, 1, 1, 1), (59, 7, 1, 'Tarta Whisky', 27, 3.1, 'Tarta Whisky', 0, 0, 'Terminal', '2', 0, 1, 1, 1), (60, 7, 1, 'Cafe Irlandes', 26, 3.5, 'Cafe Irlandes', 0, 0, 'Terminal', '1', 0, 1, 1, 1), (61, 7, 1, 'Solo', 24, 1.2, 'Solo', 0, 0, 'Terminal', '1', 0, 1, 1, 1), (62, 7, 1, 'Con Leche', 25, 1.2, 'Con Leche', 0, 0, 'Terminal', '1', 0, 1, 1, 1), (63, 7, 1, 'Cafe Irlandes', 26, 3.5, 'Cafe Irlandes', 0, 0, 'Terminal', '1', 0, 1, 1, 1), (64, 7, 1, 'Cafe Irlandes', 26, 3.5, 'Cafe Irlandes', 0, 0, 'Terminal', '1', 0, 1, 1, 1), (65, 7, 1, 'Cafe Irlandes', 26, 3.5, 'Cafe Irlandes', 0, 0, 'Terminal', '1', 0, 1, 1, 1), (66, 7, 1, 'Cafe Irlandes', 26, 3.5, 'Cafe Irlandes', 0, 0, 'Terminal', '1', 0, 1, 1, 1), (67, 7, 1, 'Cafe Irlandes', 26, 3.5, 'Cafe Irlandes', 0, 0, 'Terminal', '1', 0, 1, 1, 1), (68, 7, 1, 'Cafe Irlandes', 26, 3.5, 'Cafe Irlandes', 0, 0, 'Terminal', '1', 0, 1, 1, 1), (69, 7, 1, 'Cafe Irlandes', 26, 3.5, 'Cafe Irlandes', 0, 0, 'Terminal', '1', 0, 1, 1, 1), (70, 7, 1, 'Cafe Irlandes', 26, 3.5, 'Cafe Irlandes', 0, 0, 'Terminal', '1', 0, 1, 1, 1), (71, 7, 1, 'Cafe Irlandes', 26, 3.5, 'Cafe Irlandes', 0, 0, 'Terminal', '1', 0, 1, 1, 1), (72, 7, 1, 'Cafe Irlandes', 26, 3.5, 'Cafe Irlandes', 0, 0, 'Terminal', '1', 0, 1, 1, 1), (73, 7, 1, 'Cafe Irlandes', 26, 3.5, 'Cafe Irlandes', 0, 0, 'Terminal', '1', 0, 1, 1, 1), (74, 7, 1, 'Cafe Irlandes', 26, 3.5, 'Cafe Irlandes', 0, 0, 'Terminal', '1', 0, 1, 1, 1), (75, 7, 1, 'Cafe Irlandes', 26, 3.5, 'Cafe Irlandes', 0, 0, 'Terminal', '1', 0, 1, 1, 1), (76, 7, 1, 'Cafe Irlandes', 26, 3.5, 'Cafe Irlandes', 0, 0, 'Terminal', '1', 0, 1, 1, 1), (77, 7, 1, 'Cafe Irlandes', 26, 3.5, 'Cafe Irlandes', 0, 0, 'Terminal', '1', 0, 1, 1, 1), (78, 7, 1, 'Cafe Irlandes', 26, 3.5, 'Cafe Irlandes', 0, 0, 'Terminal', '1', 0, 1, 1, 1), (79, 7, 1, 'Heineken', 5, 2, 'Heineken', 0, 0, 'Impresora', 'Barra', 0, 1, 1, 1), (80, 7, 1, 'Cruzcampo Bt', 4, 1.5, 'Cruzcampo Bt', 0, 0, 'Impresora', 'Barra', 0, 1, 1, 1), (81, 7, 1, 'Cafe Irlandes', 26, 3.5, 'Cafe Irlandes', 0, 0, 'Terminal', '1', 0, 1, 1, 1), (82, 7, 1, 'Solo', 24, 1.2, 'Solo', 0, 0, 'Terminal', '1', 0, 1, 1, 1), (83, 7, 1, 'Cafe Irlandes', 26, 3.5, 'Cafe Irlandes', 0, 0, 'Terminal', '1', 0, 1, 1, 1), (84, 7, 1, 'Solo', 24, 1.2, 'Solo', 0, 0, 'Terminal', '1', 0, 1, 1, 1), (85, 7, 1, 'Cafe Irlandes', 26, 3.5, 'Cafe Irlandes', 0, 0, 'Terminal', '1', 0, 1, 1, 1), (86, 7, 1, 'Solo', 24, 1.2, 'Solo', 0, 0, 'Terminal', '1', 0, 1, 1, 1), (87, 7, 1, 'Cafe Irlandes', 26, 3.5, 'Cafe Irlandes', 0, 0, 'Terminal', '1', 0, 1, 1, 1), (88, 7, 1, 'Solo', 24, 1.2, 'Solo', 0, 0, 'Terminal', '1', 0, 1, 1, 1), (89, 7, 1, 'Heineken', 5, 2, 'Heineken', 0, 0, 'Impresora', 'Barra', 0, 1, 1, 1), (90, 7, 1, 'Cruzcampo Bt', 4, 1.5, 'Cruzcampo Bt', 0, 0, 'Impresora', 'Barra', 0, 1, 1, 1), (91, 7, 1, 'San Miguel Bt', 3, 1.5, 'San Miguel Bt', 0, 0, 'Impresora', 'Barra', 0, 1, 1, 1), (92, 7, 1, 'Heineken', 5, 2, 'Heineken', 0, 0, 'Impresora', 'Barra', 0, 1, 1, 1), (93, 7, 1, 'Cruzcampo Bt', 4, 1.5, 'Cruzcampo Bt', 0, 0, 'Impresora', 'Barra', 0, 1, 1, 1), (94, 7, 1, 'San Miguel Bt', 3, 1.5, 'San Miguel Bt', 0, 0, 'Impresora', 'Barra', 0, 1, 1, 1), (95, 7, 1, 'San Miguel Bt', 3, 1.5, 'San Miguel Bt', 0, 0, 'Impresora', 'Barra', 0, 1, 1, 1), (96, 7, 1, 'Cafe Irlandes', 26, 3.5, 'Cafe Irlandes', 0, 0, 'Terminal', '1', 0, 1, 1, 1), (97, 7, 1, 'Solo', 24, 1.2, 'Solo', 0, 0, 'Terminal', '1', 0, 1, 1, 1), (98, 7, 1, 'Cafe Irlandes', 26, 3.5, 'Cafe Irlandes', 0, 0, 'Terminal', '1', 0, 1, 1, 1), (99, 7, 1, 'Solo', 24, 1.2, 'Solo', 0, 0, 'Terminal', '1', 0, 1, 1, 1), (100, 7, 1, 'Heineken', 5, 2, 'Heineken', 0, 0, 'Impresora', 'Barra', 0, 1, 1, 1), (101, 7, 1, 'Cruzcampo Bt', 4, 1.5, 'Cruzcampo Bt', 0, 0, 'Impresora', 'Barra', 0, 1, 1, 1), (102, 7, 1, 'San Miguel Bt', 3, 1.5, 'San Miguel Bt', 0, 0, 'Impresora', 'Barra', 0, 1, 1, 1), (103, 7, 1, 'San Miguel Bt', 3, 1.5, 'San Miguel Bt', 0, 0, 'Impresora', 'Barra', 0, 1, 1, 1), (104, 7, 1, 'Copa Suiza', 28, 3.1, 'Copa Suiza', 0, 0, 'Terminal', '2', 0, 1, 1, 1), (105, 7, 1, 'Amareto', 32, 3.5, 'Amareto', 0, 0, 'Impresora', 'Barra', 0, 1, 1, 1), (106, 7, 1, 'Amareto', 32, 3.5, 'Amareto', 0, 0, 'Impresora', 'Barra', 0, 1, 1, 1), (107, 7, 1, 'Copa Suiza', 28, 3.1, 'Copa Suiza', 0, 0, 'Terminal', '2', 0, 1, 1, 1), (108, 18, 1, 'Boquerones Fritos', 16, 5.5, 'Boquerones Fritos', 0, 0, 'Impresora', 'Cocina', 0, 1, 1, 1), (109, 18, 1, 'Boquerones Vinagre', 15, 4.9, 'Boquerones Vinagre', 0, 0, 'Impresora', 'Cocina', 0, 1, 1, 1), (110, 18, 1, 'Solo', 24, 1.2, 'Solo', 0, 0, 'Terminal', '1', 0, 1, 1, 1), (111, 18, 1, 'Con Leche', 25, 1.2, 'Con Leche', 0, 0, 'Terminal', '1', 0, 1, 1, 1), (112, 18, 1, 'Boquerones Fritos', 16, 5.5, 'Boquerones Fritos', 0, 0, 'Impresora', 'Cocina', 0, 1, 1, 1), (113, 18, 1, 'Boquerones Vinagre', 15, 4.9, 'Boquerones Vinagre', 0, 0, 'Impresora', 'Cocina', 0, 1, 1, 1), (114, 18, 1, 'Solo', 24, 1.2, 'Solo', 0, 0, 'Terminal', '1', 0, 1, 1, 1), (115, 18, 1, 'Con Leche', 25, 1.2, 'Con Leche', 0, 0, 'Terminal', '1', 0, 1, 1, 1), (116, 18, 1, 'Con Leche', 25, 1.2, 'Con Leche', 0, 0, 'Terminal', '1', 0, 1, 1, 1), (117, 18, 1, 'Solo', 24, 1.2, 'Solo', 0, 0, 'Terminal', '1', 0, 1, 1, 1), (118, 7, 1, 'San Miguel Bt', 3, 1.5, 'San Miguel Bt', 0, 0, 'Impresora', 'Barra', 0, 2, 2, 173), (119, 7, 1, 'Cruzcampo Bt', 4, 1.5, 'Cruzcampo Bt', 0, 0, 'Impresora', 'Barra', 0, 2, 2, 173), (120, 7, 1, 'Caña', 1, 1.2, 'Caña', 0, 0, 'Impresora', 'Barra', 0, 2, 2, 173), (121, 7, 1, 'Heineken', 5, 2, 'Heineken', 0, 0, 'Impresora', 'Barra', 0, 2, 2, 173), (122, 7, 1, 'Tubo', 2, 1.3, 'Tubo', 0, 0, 'Impresora', 'Barra', 0, 2, 2, 173), (123, 7, 1, 'Solo', 24, 1.2, 'Solo', 0, 0, 'Terminal', '1', 0, 1, 1, 174), (124, 7, 1, 'Cafe Irlandes', 26, 3.5, 'Cafe Irlandes', 0, 0, 'Terminal', '1', 0, 1, 1, 174), (125, 7, 1, 'Con Leche', 25, 1.2, 'Con Leche', 0, 0, 'Terminal', '1', 0, 1, 1, 174), (126, 7, 1, 'Solo', 24, 1.2, 'Solo', 0, 0, 'Terminal', '1', 0, 1, 1, 175), (127, 7, 1, 'Cafe Irlandes', 26, 3.5, 'Cafe Irlandes', 0, 0, 'Terminal', '1', 0, 1, 1, 175), (128, 7, 1, 'Con Leche', 25, 1.2, 'Con Leche', 0, 0, 'Terminal', '1', 0, 1, 1, 175), (129, 7, 1, 'Marques Caceres', 19, 12.5, 'Marques Caceres', 0, 0, 'Impresora', 'Barra', 0, 1, 1, 175), (130, 7, 1, 'Cafe Irlandes', 26, 3.5, 'Cafe Irlandes', 0, 0, 'Terminal', '1', 0, 1, 1, 180), (131, 7, 1, 'Solo', 24, 1.2, 'Solo', 0, 0, 'Terminal', '1', 0, 1, 1, 180), (132, 7, 1, 'Cafe Irlandes', 26, 3.5, 'Cafe Irlandes', 0, 0, 'Terminal', '1', 0, 1, 1, 181), (133, 7, 1, 'Solo', 24, 1.2, 'Solo', 0, 0, 'Terminal', '1', 0, 1, 1, 181), (134, 7, 1, 'Cafe Irlandes', 26, 3.5, 'Cafe Irlandes', 0, 0, 'Terminal', '1', 0, 1, 1, 182), (135, 7, 1, 'Solo', 24, 1.2, 'Solo', 0, 0, 'Terminal', '1', 0, 1, 1, 182), (136, 18, 1, 'Copa Suiza', 28, 3.1, 'Copa Suiza', 0, 0, 'Terminal', '2', 0, 1, 1, 183), (137, 18, 1, 'Tarta Whisky', 27, 3.1, 'Tarta Whisky', 0, 0, 'Terminal', '2', 0, 1, 1, 183), (138, 18, 1, 'Contessa', 29, 3.1, 'Contessa', 0, 0, 'Terminal', '2', 0, 1, 1, 183), (139, 7, 1, 'San Miguel Bt', 3, 1.5, 'San Miguel Bt', 0, 0, 'Impresora', 'Barra', 0, 1, 1, 185), (140, 7, 1, 'Cruzcampo Bt', 4, 1.5, 'Cruzcampo Bt', 0, 0, 'Impresora', 'Barra', 0, 1, 1, 185), (141, 7, 1, 'Cafe Irlandes', 26, 3.5, 'Cafe Irlandes', 0, 0, 'Terminal', '1', 0, 1, 1, 186), (142, 7, 1, 'Solo', 24, 1.2, 'Solo', 0, 0, 'Terminal', '1', 0, 1, 1, 186), (143, 7, 1, 'Cafe Irlandes', 26, 3.5, 'Cafe Irlandes', 0, 0, 'Terminal', '1', 0, 1, 1, 187), (144, 7, 1, 'Solo', 24, 1.2, 'Solo', 0, 0, 'Terminal', '1', 0, 1, 1, 187), (145, 7, 1, 'Agua G', 10, 1.5, 'Agua G', 0, 0, 'Impresora', 'Barra', 0, 1, 1, 189), (146, 7, 1, 'Agua P', 9, 1.2, 'Agua P', 0, 0, 'Impresora', 'Barra', 0, 1, 1, 189), (147, 7, 1, 'Ensaladilla Rusa', 12, 1.2, 'Ensaladilla Rusa', 0, 0, 'Impresora', 'Cocina', 0, 1, 1, 190), (148, 7, 1, 'Tortilla Española', 11, 1.2, 'Tortilla Española', 0, 0, 'Impresora', 'Cocina', 0, 1, 1, 190), (149, 7, 1, 'Tarta Whisky', 27, 3.1, 'Tarta Whisky', 0, 0, 'Terminal', '2', 0, 1, 1, 192), (150, 7, 1, 'Tarta Whisky', 27, 3.1, 'Tarta Whisky', 0, 0, 'Terminal', '2', 0, 1, 1, 192), (151, 7, 1, 'Tarta Whisky', 27, 3.1, 'Tarta Whisky', 0, 0, 'Terminal', '2', 0, 1, 1, 192), (152, 7, 1, 'Copa Suiza', 28, 3.1, 'Copa Suiza', 0, 0, 'Terminal', '2', 0, 1, 1, 193), (153, 7, 1, 'Copa Suiza', 28, 3.1, 'Copa Suiza', 0, 0, 'Terminal', '2', 0, 1, 1, 193), (154, 7, 1, 'Copa Suiza', 28, 3.1, 'Copa Suiza', 0, 0, 'Terminal', '2', 0, 1, 1, 193), (155, 6, 1, 'Marques Caceres', 19, 12.5, 'Marques Caceres', 0, 0, 'Impresora', 'Barra', 0, 1, 1, 194), (156, 6, 1, 'Marques Caceres', 19, 12.5, 'Marques Caceres', 0, 0, 'Impresora', 'Barra', 0, 1, 1, 194), (157, 6, 1, 'Marques Caceres', 19, 12.5, 'Marques Caceres', 0, 0, 'Impresora', 'Barra', 0, 1, 1, 194), (158, 19, 1, 'Baileys', 31, 3.5, 'Baileys', 0, 0, 'Impresora', 'Barra', 0, 1, 1, 196), (159, 19, 1, 'Baileys', 31, 3.5, 'Baileys', 0, 0, 'Impresora', 'Barra', 0, 1, 1, 196), (160, 19, 1, 'Baileys', 31, 3.5, 'Baileys', 0, 0, 'Impresora', 'Barra', 0, 1, 1, 196), (161, 20, 1, 'Baileys', 31, 3.5, 'Baileys', 0, 0, 'Impresora', 'Barra', 0, 1, 1, 197), (162, 20, 1, 'Baileys', 31, 3.5, 'Baileys', 0, 0, 'Impresora', 'Barra', 0, 1, 1, 197), (163, 20, 1, 'Baileys', 31, 3.5, 'Baileys', 0, 0, 'Impresora', 'Barra', 0, 1, 1, 197), (164, 21, 1, 'Baileys', 31, 3.5, 'Baileys', 0, 0, 'Impresora', 'Barra', 0, 1, 1, 198), (165, 21, 1, 'Baileys', 31, 3.5, 'Baileys', 0, 0, 'Impresora', 'Barra', 0, 1, 1, 198), (166, 21, 1, 'Baileys', 31, 3.5, 'Baileys', 0, 0, 'Impresora', 'Barra', 0, 1, 1, 198), (167, 22, 1, 'San Miguel Bt', 3, 1.5, 'San Miguel Bt', 0, 0, 'Impresora', 'Barra', 0, 1, 1, 199), (168, 22, 1, 'San Miguel Bt', 3, 1.5, 'San Miguel Bt', 0, 0, 'Impresora', 'Barra', 0, 1, 1, 199), (169, 22, 1, 'San Miguel Bt', 3, 1.5, 'San Miguel Bt', 0, 0, 'Impresora', 'Barra', 0, 1, 1, 199), (170, 23, 1, 'Tubo', 2, 1.3, 'Tubo', 0, 0, 'Impresora', 'Barra', 0, 1, 1, 200), (171, 23, 1, 'Tubo', 2, 1.3, 'Tubo', 0, 0, 'Impresora', 'Barra', 0, 1, 1, 200), (172, 23, 1, 'Tubo', 2, 1.3, 'Tubo', 0, 0, 'Impresora', 'Barra', 0, 1, 1, 200), (173, 23, 1, 'San Miguel Bt', 3, 1.5, 'San Miguel Bt', 0, 0, 'Impresora', 'Barra', 0, 1, 1, 201), (174, 23, 1, 'San Miguel Bt', 3, 1.5, 'San Miguel Bt', 0, 0, 'Impresora', 'Barra', 0, 1, 1, 201), (175, 23, 1, 'San Miguel Bt', 3, 1.5, 'San Miguel Bt', 0, 0, 'Impresora', 'Barra', 0, 1, 1, 201), (176, 7, 1, 'Calamares', 17, 5.5, 'Calamares', 0, 0, 'Impresora', 'Cocina', 0, 1, 1, 202), (177, 7, 1, 'Sardinas', 18, 4.5, 'Sardinas', 0, 0, 'Impresora', 'Cocina', 0, 1, 1, 202), (178, 7, 1, 'Boquerones Vinagre', 15, 4.9, 'Boquerones Vinagre', 0, 0, 'Impresora', 'Cocina', 0, 1, 1, 202), (179, 7, 1, 'Fanta Nr', 7, 1.5, 'Fanta Nr', 0, 0, 'Impresora', 'Barra', 0, 1, 1, 203), (180, 7, 1, 'Cocacola', 6, 1.5, 'Cocacola', 0, 0, 'Impresora', 'Barra', 0, 1, 1, 203), (181, 7, 1, 'Agua P', 9, 1.2, 'Agua P', 0, 0, 'Impresora', 'Barra', 0, 1, 1, 203), (182, 7, 1, 'Agua G', 10, 1.5, 'Agua G', 0, 0, 'Impresora', 'Barra', 0, 1, 1, 203), (183, 7, 1, 'Fanta Li', 8, 1.5, 'Fanta Li', 0, 0, 'Impresora', 'Barra', 0, 1, 1, 203), (184, 7, 1, 'Marques Caceres', 19, 12.5, 'Marques Caceres', 0, 0, 'Impresora', 'Barra', 0, 1, 1, 204), (185, 7, 1, 'Marques Caceres', 19, 12.5, 'Marques Caceres', 0, 0, 'Impresora', 'Barra', 0, 1, 1, 204), (186, 7, 1, 'Marques Caceres', 19, 12.5, 'Marques Caceres', 0, 0, 'Impresora', 'Barra', 0, 1, 1, 204), (187, 7, 1, 'San Miguel Bt', 3, 1.5, 'San Miguel Bt', 0, 0, 'Impresora', 'Barra', 0, 1, 1, 205), (188, 7, 1, 'Cruzcampo Bt', 4, 1.5, 'Cruzcampo Bt', 0, 0, 'Impresora', 'Barra', 0, 1, 1, 205), (189, 7, 1, 'San Miguel Bt', 3, 1.5, 'San Miguel Bt', 0, 0, 'Impresora', 'Barra', 0, 1, 1, 206), (190, 7, 1, 'Cruzcampo Bt', 4, 1.5, 'Cruzcampo Bt', 0, 0, 'Impresora', 'Barra', 0, 1, 1, 206), (191, 7, 1, 'Cafe Irlandes', 26, 3.5, 'Cafe Irlandes', 0, 0, 'Terminal', '1', 0, 1, 1, 210), (192, 24, 1, 'Cafe Irlandes', 26, 3.5, 'Cafe Irlandes', 0, 0, 'Terminal', '1', 0, 1, 1, 211), (193, 7, 1, 'Calamares', 17, 5.5, 'Calamares', 0, 0, 'Impresora', 'Cocina', 0, 1, 1, 213), (194, 25, 1, 'Ensaladilla Rusa', 12, 1.2, 'Ensaladilla Rusa', 0, 0, 'Impresora', 'Cocina', 0, 1, 1, 215), (195, 25, 1, 'Tortilla Española', 11, 1.2, 'Tortilla Española', 0, 0, 'Impresora', 'Cocina', 0, 1, 1, 215), (196, 26, 1, 'Ensaladilla Rusa', 12, 1.2, 'Ensaladilla Rusa', 0, 0, 'Impresora', 'Cocina', 0, 1, 1, 216), (197, 26, 1, 'Tortilla Española', 11, 1.2, 'Tortilla Española', 0, 0, 'Impresora', 'Cocina', 0, 1, 1, 216), (198, 24, 1, 'Ensaladilla Rusa', 12, 1.2, 'Ensaladilla Rusa', 0, 0, 'Impresora', 'Cocina', 0, 1, 1, 217), (199, 24, 1, 'Tortilla Española', 11, 1.2, 'Tortilla Española', 0, 0, 'Impresora', 'Cocina', 0, 1, 1, 217), (200, 24, 1, 'Ensaladilla Rusa', 12, 1.2, 'Ensaladilla Rusa', 0, 0, 'Impresora', 'Cocina', 0, 1, 1, 218), (201, 24, 1, 'Tortilla Española', 11, 1.2, 'Tortilla Española', 0, 0, 'Impresora', 'Cocina', 0, 1, 1, 218), (202, 7, 1, 'Agua P', 9, 1.2, 'Agua P', 0, 0, 'Impresora', 'Barra', 0, 1, 1, 220), (203, 24, 1, 'Agua P', 9, 1.2, 'Agua P', 0, 0, 'Impresora', 'Barra', 0, 1, 1, 221), (204, 7, 1, 'Con Leche', 25, 1.2, 'Con Leche', 0, 0, 'Terminal', '1', 0, 1, 1, 225), (205, 22, 1, 'Cafe Irlandes', 26, 3.5, 'Cafe Irlandes', 0, 0, 'Terminal', '1', 0, 2, 2, 227), (206, 22, 1, 'Solo', 24, 1.2, 'Solo', 0, 0, 'Terminal', '1', 0, 2, 2, 227), (207, 22, 1, 'Con Leche', 25, 1.2, 'Con Leche', 0, 0, 'Terminal', '1', 0, 2, 2, 229), (208, 22, 1, 'Con Leche', 25, 1.2, 'Con Leche', 0, 0, 'Terminal', '1', 0, 2, 2, 230), (209, 18, 1, 'Ensaladilla Rusa', 12, 1.2, 'Ensaladilla Rusa', 0, 0, 'Impresora', 'Cocina', 0, 2, 2, 231), (210, 23, 1, 'Cocacola', 6, 1.5, 'Cocacola', 0, 0, 'Impresora', 'Barra', 0, 1, 1, 232), (211, 23, 1, 'Agua G', 10, 1.5, 'Agua G', 0, 0, 'Impresora', 'Barra', 0, 1, 1, 232), (212, 28, 1, 'Fanta Nr', 7, 1.5, 'Fanta Nr', 0, 0, 'Impresora', 'Barra', 0, 2, 2, 233), (213, 7, 1, 'Contessa', 29, 3.1, 'Contessa', 0, 0, 'Terminal', '2', 0, 1, 1, 234), (214, 7, 1, 'Cafe Irlandes', 26, 3.5, 'Cafe Irlandes', 0, 0, 'Terminal', '1', 0, 1, 1, 235), (215, 7, 1, 'Cafe Irlandes', 26, 3.5, 'Cafe Irlandes', 0, 0, 'Terminal', '1', 0, 1, 1, 236), (216, 7, 1, 'Cafe Irlandes', 26, 3.5, 'Cafe Irlandes', 0, 0, 'Terminal', '1', 0, 1, 1, 237), (217, 24, 1, 'Cafe Irlandes', 26, 3.5, 'Cafe Irlandes', 0, 0, 'Terminal', '1', 0, 1, 1, 238), (218, 29, 1, 'San Miguel Bt', 3, 1.5, 'San Miguel Bt', 0, 0, 'Impresora', 'Barra', 0, 1, 1, 239), (219, 29, 1, 'Cruzcampo Bt', 4, 1.5, 'Cruzcampo Bt', 0, 0, 'Impresora', 'Barra', 0, 1, 1, 239), (220, 19, 1, 'San Miguel Bt', 3, 1.5, 'San Miguel Bt', 0, 0, 'Impresora', 'Barra', 0, 1, 1, 241), (221, 19, 1, 'Cruzcampo Bt', 4, 1.5, 'Cruzcampo Bt', 0, 0, 'Impresora', 'Barra', 0, 1, 1, 241), (222, 19, 2, 'Caña', 1, 1.2, 'Caña', 0, 0, 'Impresora', 'Barra', 0, 1, 1, 241), (223, 19, 1, 'Cafe Irlandes', 26, 3.5, 'Cafe Irlandes', 0, 0, 'Terminal', '1', 0, 1, 1, 241), (224, 19, 1, 'Solo', 24, 1.2, 'Solo', 0, 0, 'Terminal', '1', 0, 1, 1, 241), (225, 24, 1, 'Cafe Irlandes', 26, 3.5, 'Cafe Irlandes', 0, 0, 'Terminal', '1', 0, 3, 1, 242), (226, 24, 1, 'Ensaladilla Rusa', 12, 1.2, 'Ensaladilla Rusa', 0, 0, 'Impresora', 'Cocina', 0, 3, 1, 243), (227, 24, 1, 'Tortilla Española', 11, 1.2, 'Tortilla Española', 0, 0, 'Impresora', 'Cocina', 0, 3, 1, 243), (228, 24, 1, 'Ensaladilla Rusa', 12, 1.2, 'Ensaladilla Rusa', 0, 0, 'Impresora', 'Cocina', 0, 1, 1, 244), (229, 24, 1, 'Tortilla Española', 11, 1.2, 'Tortilla Española', 0, 0, 'Impresora', 'Cocina', 0, 1, 1, 244), (230, 24, 50, 'Alitas Pollo test (*) ', 14, 1.5, 'Alitas Pollo test (*) ', 0, 0, 'Impresora', 'Cocina', 0, 1, 1, 244), (231, 24, 1, 'Solo', 24, 1.2, 'Solo', 0, 0, 'Terminal', '1', 0, 1, 1, 245), (232, 24, 1, 'Con Leche', 25, 1.2, 'Con Leche', 0, 0, 'Terminal', '1', 0, 1, 1, 245), (233, 24, 1, 'Con Leche sacarina (*) ', 25, 1.1, 'Con Leche sacarina (*) ', 0, 0, 'Terminal', '1', 0, 1, 1, 245), (234, 24, 1, 'Cafe Irlandes', 26, 3.5, 'Cafe Irlandes', 0, 0, 'Terminal', '1', 0, 1, 1, 245), (235, 24, 1, 'Solo', 24, 1.2, 'Solo', 0, 0, 'Terminal', '1', 0, 1, 1, 245);
/*!40000 ALTER TABLE `detafact` ENABLE KEYS */;


# Dumping structure for table datosnuevos.detalles
CREATE TABLE IF NOT EXISTS `detalles` (
  `CodDet` int(11) NOT NULL AUTO_INCREMENT,
  `CodArt` int(11) NOT NULL,
  `Nombre` varchar(50) NOT NULL,
  `Precio` float NOT NULL,
  PRIMARY KEY (`CodDet`),
  KEY `CodArt` (`CodArt`)
) ENGINE=MyISAM AUTO_INCREMENT=8 DEFAULT CHARSET=latin1;

# Dumping data for table datosnuevos.detalles: 7 rows
/*!40000 ALTER TABLE `detalles` DISABLE KEYS */;
INSERT INTO `detalles` (`CodDet`, `CodArt`, `Nombre`, `Precio`) VALUES (1, 24, 'Corto', -0.1), (2, 24, 'Americano', 0), (3, 24, 'Hielo', 0.1), (4, 25, 'Taza', 0), (5, 25, 'Vaso', 0), (6, 25, 'Leche Fria', 0), (7, 25, 'Doble', 0.25);
/*!40000 ALTER TABLE `detalles` ENABLE KEYS */;


# Dumping structure for table datosnuevos.facturas
CREATE TABLE IF NOT EXISTS `facturas` (
  `CodFac` bigint(20) NOT NULL AUTO_INCREMENT,
  `Sesion` smallint(6) NOT NULL,
  `Estado` varchar(1) CHARACTER SET utf8 NOT NULL,
  `Nombre` varchar(5) CHARACTER SET utf8 NOT NULL,
  `TotalFac` float NOT NULL,
  `Cantidad` float NOT NULL,
  `Cambio` float NOT NULL,
  `FechaHora` datetime NOT NULL,
  `CodPersOpen` smallint(6) NOT NULL,
  `CodTermOpen` smallint(6) NOT NULL,
  UNIQUE KEY `FaCodFac` (`CodFac`),
  KEY `FactGeneral` (`Sesion`,`Estado`,`Nombre`)
) ENGINE=MyISAM AUTO_INCREMENT=30 DEFAULT CHARSET=latin1;

# Dumping data for table datosnuevos.facturas: 25 rows
/*!40000 ALTER TABLE `facturas` DISABLE KEYS */;
INSERT INTO `facturas` (`CodFac`, `Sesion`, `Estado`, `Nombre`, `TotalFac`, `Cantidad`, `Cambio`, `FechaHora`, `CodPersOpen`, `CodTermOpen`) VALUES (1, 1, 'C', '1', 6.2, 10, 3.8, '2010-04-15 20:44:04', 1, 1), (2, 1, 'C', '2', 2.5, 3, 0.5, '2010-04-16 12:00:21', 1, 1), (3, 1, 'C', '1', 23.1, 100, 0, '2010-04-16 19:31:22', 1, 1), (4, 1, 'A', '56', 0, 0, 0, '2011-07-20 19:45:53', 1, 1), (5, 1, 'A', '8', 0, 0, 0, '2013-08-18 18:19:46', 1, 1), (6, 1, 'A', '100', 0, 0, 0, '2013-08-18 18:19:46', 1, 1), (7, 1, 'A', '123', 0, 0, 0, '2013-08-18 18:19:46', 1, 1), (11, 1, 'A', '120', 0, 0, 0, '2013-09-04 19:26:25', 1, 1), (13, 1, 'A', '99', 0, 0, 0, '2013-09-05 10:06:17', 1, 1), (14, 1, 'A', '19', 0, 0, 0, '2013-09-05 10:07:14', 1, 1), (15, 1, 'A', '125', 0, 0, 0, '2013-09-05 10:25:42', 1, 1), (16, 1, 'A', '23', 0, 0, 0, '2013-09-05 10:26:45', 1, 1), (17, 1, 'A', '168', 0, 0, 0, '2013-09-06 21:11:48', 1, 1), (18, 1, 'A', '10', 0, 0, 0, '2013-09-07 22:43:43', 1, 1), (19, 1, 'A', '25', 0, 0, 0, '2013-09-08 20:31:28', 1, 1), (20, 1, 'A', '135', 0, 0, 0, '2013-09-08 20:35:09', 1, 1), (21, 1, 'A', '136', 0, 0, 0, '2013-09-08 20:35:53', 1, 1), (22, 1, 'A', '15', 0, 0, 0, '2013-09-08 20:39:10', 1, 1), (23, 1, 'A', '20', 0, 0, 0, '2013-09-08 21:06:01', 1, 1), (24, 1, 'A', '1', 0, 0, 0, '2013-09-10 13:00:19', 1, 1), (25, 1, 'A', '2', 0, 0, 0, '2013-09-10 13:29:50', 1, 1), (26, 1, 'A', '3', 0, 0, 0, '2013-09-10 13:29:58', 1, 1), (27, 1, 'A', '12', 0, 0, 0, '2013-09-10 20:51:38', 1, 1), (28, 1, 'A', '4', 0, 0, 0, '2013-09-11 10:59:20', 1, 1), (29, 1, 'A', '22', 0, 0, 0, '2013-09-11 22:43:10', 1, 1);
/*!40000 ALTER TABLE `facturas` ENABLE KEYS */;


# Dumping structure for table datosnuevos.grupos
CREATE TABLE IF NOT EXISTS `grupos` (
  `Codigo` smallint(6) NOT NULL,
  `Nombre` varchar(50) CHARACTER SET utf8 NOT NULL,
  PRIMARY KEY (`Codigo`)
) ENGINE=MyISAM DEFAULT CHARSET=latin1;

# Dumping data for table datosnuevos.grupos: 12 rows
/*!40000 ALTER TABLE `grupos` DISABLE KEYS */;
INSERT INTO `grupos` (`Codigo`, `Nombre`) VALUES (0, 'Cervezas'), (1, 'Refrescos'), (2, 'Tapas'), (3, 'Raciones'), (4, 'Vinos'), (5, 'Postres'), (6, 'Cafes'), (7, 'Helados'), (8, 'Licores'), (9, 'Carnes'), (10, 'Entrantes'), (11, 'Pescados');
/*!40000 ALTER TABLE `grupos` ENABLE KEYS */;


# Dumping structure for table datosnuevos.impresoras
CREATE TABLE IF NOT EXISTS `impresoras` (
  `Codigo` smallint(6) NOT NULL,
  `Nombre` varchar(50) CHARACTER SET utf8 NOT NULL
) ENGINE=MyISAM DEFAULT CHARSET=latin1;

# Dumping data for table datosnuevos.impresoras: 0 rows
/*!40000 ALTER TABLE `impresoras` DISABLE KEYS */;
/*!40000 ALTER TABLE `impresoras` ENABLE KEYS */;


# Dumping structure for table datosnuevos.lotes
CREATE TABLE IF NOT EXISTS `lotes` (
  `Codigo` bigint(20) NOT NULL AUTO_INCREMENT,
  `Momento` datetime NOT NULL,
  `Articulos` smallint(6) NOT NULL,
  `Cuenta` varchar(5) CHARACTER SET utf8 NOT NULL,
  `CodTer` smallint(6) NOT NULL,
  `Sesion` smallint(6) NOT NULL,
  UNIQUE KEY `LoCodigo` (`Codigo`),
  KEY `LoSesion` (`Sesion`)
) ENGINE=MyISAM AUTO_INCREMENT=247 DEFAULT CHARSET=latin1;

# Dumping data for table datosnuevos.lotes: 246 rows
/*!40000 ALTER TABLE `lotes` DISABLE KEYS */;
INSERT INTO `lotes` (`Codigo`, `Momento`, `Articulos`, `Cuenta`, `CodTer`, `Sesion`) VALUES (1, '2010-04-15 20:44:04', 2, '1', 1, 1), (2, '2010-04-15 21:05:15', 2, '1', 1, 1), (3, '2010-04-16 12:00:21', 2, '2', 1, 1), (4, '2010-04-16 19:31:22', 2, '1', 1, 1), (5, '2010-04-16 19:33:30', 1, '1', 1, 1), (6, '2010-04-16 20:51:42', 5, '1', 1, 1), (7, '2010-05-11 21:24:13', 4, '1', 1, 1), (8, '2011-07-20 19:45:53', 0, '56', 1, 1), (9, '2011-07-20 19:45:53', 0, '56', 1, 1), (10, '2013-08-18 18:19:46', 2, '8', 1, 1), (11, '2010-04-15 20:44:04', 10, '123', 1, 1), (12, '2010-04-15 20:44:04', 10, '123', 1, 1), (13, '2010-04-15 20:44:04', 10, '123', 1, 1), (14, '2010-04-15 20:44:04', 10, '123', 1, 1), (15, '2010-04-15 20:44:04', 8, '10', 1, 1), (16, '2010-04-15 20:44:04', 8, '5', 1, 1), (17, '2013-09-03 18:45:26', 8, '6', 1, 1), (18, '2013-09-04 12:15:17', 8, '50', 1, 1), (19, '2013-09-04 12:23:15', 8, '90', 1, 1), (20, '2013-09-04 12:54:31', 8, '56', 1, 1), (21, '2013-09-04 12:55:19', 8, '1', 1, 1), (22, '2013-09-04 13:04:03', 8, '8', 1, 1), (23, '2013-09-04 13:11:27', 8, '8', 1, 1), (24, '2013-09-04 13:13:38', 8, '8', 1, 1), (25, '2013-09-04 13:52:36', 8, '10', 1, 1), (26, '2013-09-04 13:56:29', 8, '10', 1, 1), (27, '2013-09-04 14:08:43', 8, '100', 1, 1), (28, '2013-09-04 14:43:56', 8, '123', 1, 1), (29, '2013-09-04 14:44:39', 8, '8', 1, 1), (30, '2013-09-04 14:54:22', 8, '123', 1, 1), (31, '2013-09-04 15:03:08', 8, '123', 1, 1), (32, '2013-09-04 15:09:01', 8, '123', 1, 1), (33, '2013-09-04 15:12:08', 8, '120', 1, 1), (34, '2013-09-04 15:22:24', 8, '120', 1, 1), (35, '2013-09-04 15:23:01', 8, '1000', 1, 1), (36, '2013-09-04 15:26:24', 8, '531', 1, 1), (37, '2013-09-04 15:28:18', 8, '123', 1, 1), (38, '2013-09-04 15:54:18', 8, '123', 1, 1), (39, '2013-09-04 15:56:31', 8, '56', 1, 1), (40, '2013-09-04 15:59:10', 8, '56', 1, 1), (41, '2013-09-04 16:01:39', 8, '8', 1, 1), (42, '2013-09-04 16:03:36', 8, '2678', 1, 1), (43, '2013-09-04 16:20:44', 8, '2678', 1, 1), (44, '2013-09-04 16:21:24', 8, '56', 1, 1), (45, '2013-09-04 19:11:49', 8, '56', 1, 1), (46, '2013-09-04 19:12:09', 8, '10001', 1, 1), (47, '2013-09-04 19:17:27', 8, '56', 1, 1), (48, '2013-09-04 19:26:25', 8, '120', 1, 1), (49, '2013-09-04 19:36:57', 8, '56', 1, 1), (50, '2013-09-04 19:38:26', 8, '8', 1, 1), (51, '2013-09-04 19:43:10', 8, '8', 1, 1), (52, '2013-09-04 19:46:08', 8, '8', 1, 1), (53, '2013-09-04 19:49:59', 8, '8', 1, 1), (54, '2013-09-04 19:58:30', 8, '8', 1, 1), (55, '2013-09-04 20:03:45', 8, '8', 1, 1), (56, '2013-09-04 20:13:21', 8, '8', 1, 1), (57, '2013-09-04 20:13:43', 8, '888', 1, 1), (58, '2013-09-04 20:14:33', 8, '888', 1, 1), (59, '2013-09-04 20:19:32', 8, '56', 1, 1), (60, '2013-09-04 20:20:05', 8, '123', 1, 1), (61, '2013-09-04 20:20:22', 8, '5555', 1, 1), (62, '2013-09-04 20:21:29', 8, '320', 1, 1), (63, '2013-09-04 20:25:46', 8, '120', 1, 1), (64, '2013-09-04 20:34:46', 8, '56', 1, 1), (65, '2013-09-04 20:37:11', 8, '153', 1, 1), (66, '2013-09-04 20:41:37', 8, '598', 1, 1), (67, '2013-09-04 20:47:04', 8, '2687', 1, 1), (68, '2013-09-04 20:53:12', 8, '568', 1, 1), (69, '2013-09-04 21:00:19', 8, '56', 1, 1), (70, '2013-09-04 21:01:22', 8, '1045', 1, 1), (71, '2013-09-04 21:05:07', 8, '2601', 1, 1), (72, '2013-09-04 21:07:54', 8, '56', 1, 1), (73, '2013-09-04 21:08:50', 8, '1254', 1, 1), (74, '2013-09-04 21:09:32', 8, '8', 1, 1), (75, '2013-09-04 21:11:18', 8, '1265', 1, 1), (76, '2013-09-04 21:18:12', 8, '56', 1, 1), (77, '2013-09-04 21:18:22', 8, '1547', 1, 1), (78, '2013-09-04 21:24:13', 8, '56', 1, 1), (79, '2013-09-04 21:27:08', 8, '56', 1, 1), (80, '2013-09-04 21:27:37', 8, '1259', 1, 1), (81, '2013-09-04 21:43:38', 8, '56', 1, 1), (82, '2013-09-04 21:43:53', 8, '1584', 1, 1), (83, '2013-09-04 21:44:29', 8, '124', 1, 1), (84, '2013-09-04 21:44:56', 8, '1896', 1, 1), (85, '2013-09-04 21:45:10', 8, '3695', 1, 1), (86, '2013-09-04 21:45:35', 8, '8', 1, 1), (87, '2013-09-04 21:46:24', 8, '56', 1, 1), (88, '2013-09-04 21:46:37', 8, '147', 1, 1), (89, '2013-09-04 21:48:04', 8, '56', 1, 1), (90, '2013-09-04 21:59:29', 8, '1547', 1, 1), (91, '2013-09-04 21:59:48', 8, '56', 1, 1), (92, '2013-09-04 22:00:33', 8, '8', 1, 1), (93, '2013-09-04 22:00:49', 8, '1236', 1, 1), (94, '2013-09-04 22:01:12', 8, '257', 1, 1), (95, '2013-09-04 22:01:18', 8, '257', 1, 1), (96, '2013-09-04 22:01:21', 8, '257', 1, 1), (97, '2013-09-04 22:01:31', 8, '8', 1, 1), (98, '2013-09-05 07:28:52', 8, '56', 1, 1), (99, '2013-09-05 07:40:19', 8, '56', 1, 1), (100, '2013-09-05 07:42:43', 8, '56', 1, 1), (101, '2013-09-05 07:44:18', 8, '56', 1, 1), (102, '2013-09-05 07:44:33', 8, '1578', 1, 1), (103, '2013-09-05 07:47:33', 8, '56', 1, 1), (104, '2013-09-05 08:12:46', 8, '56', 1, 1), (105, '2013-09-05 08:12:54', 8, '56', 1, 1), (106, '2013-09-05 08:12:59', 8, '56', 1, 1), (107, '2013-09-05 08:29:01', 8, '56', 1, 1), (108, '2013-09-05 08:29:21', 8, '125', 1, 1), (109, '2013-09-05 08:30:16', 8, '156', 1, 1), (110, '2013-09-05 08:44:14', 8, '56', 1, 1), (111, '2013-09-05 08:44:24', 8, '156', 1, 1), (112, '2013-09-05 09:08:00', 8, '56', 1, 1), (113, '2013-09-05 09:08:20', 8, '2398', 1, 1), (114, '2013-09-05 09:10:29', 8, '8', 1, 1), (115, '2013-09-05 09:14:24', 8, '56', 1, 1), (116, '2013-09-05 09:37:59', 8, '56', 1, 1), (117, '2013-09-05 09:38:09', 8, '1369', 1, 1), (118, '2013-09-05 09:38:44', 8, '120', 1, 1), (119, '2013-09-05 09:39:50', 8, '120', 1, 1), (120, '2013-09-05 09:40:07', 8, '8', 1, 1), (121, '2013-09-05 09:40:14', 8, '855', 1, 1), (122, '2013-09-05 10:04:48', 8, '56', 1, 1), (123, '2013-09-05 10:05:06', 8, '120', 1, 1), (124, '2013-09-05 10:06:08', 8, '99', 1, 1), (125, '2013-09-05 10:07:11', 8, '19', 1, 1), (126, '2013-09-05 10:25:13', 8, '56', 1, 1), (127, '2013-09-05 10:25:40', 8, '125', 1, 1), (128, '2013-09-05 10:26:43', 8, '23', 1, 1), (129, '2013-09-06 19:49:24', 8, '123', 1, 1), (130, '2013-09-06 20:02:13', 8, '123', 1, 1), (131, '2013-09-06 21:09:08', 8, '123', 1, 1), (132, '2013-09-06 21:11:48', 8, '168', 1, 1), (133, '2013-09-06 21:32:56', 8, '123', 1, 1), (134, '2013-09-06 21:37:42', 8, '123', 1, 1), (135, '2013-09-06 21:38:37', 8, '123', 1, 1), (136, '2013-09-06 21:38:58', 8, '123', 1, 1), (137, '2013-09-06 21:47:46', 8, '123', 1, 1), (138, '2013-09-06 21:48:31', 8, '123', 1, 1), (139, '2013-09-07 12:36:35', 8, '123', 1, 1), (140, '2013-09-07 12:54:14', 8, '123', 1, 1), (141, '2013-09-07 13:00:49', 8, '100', 1, 1), (142, '2013-09-07 13:14:34', 8, '168', 1, 1), (143, '2013-09-07 13:21:47', 8, '100', 1, 1), (144, '2013-09-07 13:28:54', 8, '123', 1, 1), (145, '2013-09-07 13:38:03', 8, '99', 1, 1), (146, '2013-09-07 14:03:53', 8, '123', 1, 1), (147, '2013-09-07 14:35:27', 8, '123', 1, 1), (148, '2013-09-07 21:17:20', 8, '123', 1, 1), (149, '2013-09-07 21:18:05', 8, '123', 1, 1), (150, '2013-09-07 22:10:20', 8, '123', 1, 1), (151, '2013-09-07 22:10:36', 8, '123', 1, 1), (152, '2013-09-07 22:31:21', 8, '123', 1, 1), (153, '2013-09-07 22:33:51', 8, '123', 1, 1), (154, '2013-09-07 22:33:53', 8, '123', 1, 1), (155, '2013-09-07 22:33:55', 8, '123', 1, 1), (156, '2013-09-07 22:34:26', 8, '123', 1, 1), (157, '2013-09-07 22:34:45', 8, '123', 1, 1), (158, '2013-09-07 22:35:11', 8, '123', 1, 1), (159, '2013-09-07 22:35:12', 8, '123', 1, 1), (160, '2013-09-07 22:35:13', 8, '123', 1, 1), (161, '2013-09-07 22:35:13', 8, '123', 1, 1), (162, '2013-09-07 22:37:30', 8, '123', 1, 1), (163, '2013-09-07 22:37:57', 8, '123', 1, 1), (164, '2013-09-07 22:38:29', 8, '123', 1, 1), (165, '2013-09-07 22:39:27', 8, '123', 1, 1), (166, '2013-09-07 22:43:43', 8, '10', 1, 1), (167, '2013-09-07 22:43:43', 8, '10', 1, 1), (168, '2013-09-07 22:44:57', 8, '10', 1, 1), (169, '2013-09-07 22:45:24', 8, '10', 1, 1), (170, '2013-09-08 11:30:22', 8, '10', 1, 1), (171, '2013-09-08 11:36:02', 8, '123', 1, 1), (172, '2013-09-08 11:36:30', 8, '123', 1, 1), (173, '2013-09-08 11:47:31', 8, '123', 1, 1), (174, '2013-09-08 11:58:52', 8, '123', 1, 1), (175, '2013-09-08 11:59:04', 8, '123', 1, 1), (176, '2013-09-08 11:59:18', 8, '123', 1, 1), (177, '2013-09-08 12:03:03', 8, '123', 1, 1), (178, '2013-09-08 12:17:59', 8, '120', 1, 1), (179, '2013-09-08 12:20:12', 8, '123', 1, 1), (180, '2013-09-08 12:39:55', 8, '123', 1, 1), (181, '2013-09-08 12:45:14', 8, '123', 1, 1), (182, '2013-09-08 12:55:56', 8, '123', 1, 1), (183, '2013-09-08 17:32:18', 8, '10', 1, 1), (184, '2013-09-08 18:18:16', 8, '10', 1, 1), (185, '2013-09-08 18:28:35', 8, '123', 1, 1), (186, '2013-09-08 18:55:36', 8, '123', 1, 1), (187, '2013-09-08 18:59:17', 8, '123', 1, 1), (188, '2013-09-08 19:04:04', 8, '40', 1, 1), (189, '2013-09-08 19:06:12', 8, '123', 1, 1), (190, '2013-09-08 19:18:31', 8, '123', 1, 1), (191, '2013-09-08 20:04:55', 8, '10', 1, 1), (192, '2013-09-08 20:11:52', 8, '123', 1, 1), (193, '2013-09-08 20:13:00', 8, '123', 1, 1), (194, '2013-09-08 20:23:05', 8, '100', 1, 1), (195, '2013-09-08 20:31:28', 8, '25', 1, 1), (196, '2013-09-08 20:33:34', 8, '25', 1, 1), (197, '2013-09-08 20:35:09', 8, '135', 1, 1), (198, '2013-09-08 20:35:53', 8, '136', 1, 1), (199, '2013-09-08 20:39:10', 8, '15', 1, 1), (200, '2013-09-08 21:06:01', 8, '20', 1, 1), (201, '2013-09-08 21:06:52', 8, '20', 1, 1), (202, '2013-09-08 21:23:13', 8, '123', 1, 1), (203, '2013-09-08 21:27:08', 8, '123', 1, 1), (204, '2013-09-08 21:28:41', 3, '123', 1, 1), (205, '2013-09-10 12:55:13', 2, '123', 1, 1), (206, '2013-09-10 12:57:24', 2, '123', 1, 1), (207, '2013-09-10 13:00:19', 2, '1', 1, 1), (208, '2013-09-10 13:01:43', 2, '1', 1, 1), (209, '2013-09-10 13:02:54', 2, '1', 1, 1), (210, '2013-09-10 13:06:49', 1, '123', 1, 1), (211, '2013-09-10 13:07:03', 1, '1', 1, 1), (212, '2013-09-10 13:11:23', 1, '1', 1, 1), (213, '2013-09-10 13:15:06', 1, '123', 1, 1), (214, '2013-09-10 13:15:50', 1, '1', 1, 1), (215, '2013-09-10 13:29:49', 2, '2', 1, 1), (216, '2013-09-10 13:29:58', 2, '3', 1, 1), (217, '2013-09-10 13:30:11', 2, '1', 1, 1), (218, '2013-09-10 13:30:19', 2, '1', 1, 1), (219, '2013-09-10 13:31:16', 2, '1', 1, 1), (220, '2013-09-10 13:34:35', 1, '123', 1, 1), (221, '2013-09-10 13:34:46', 1, '1', 1, 1), (222, '2013-09-10 13:35:10', 1, '1', 1, 1), (223, '2013-09-10 13:38:59', 0, '123', 1, 1), (224, '2013-09-10 13:39:22', 1, '1', 1, 1), (225, '2013-09-10 20:50:34', 1, '123', 1, 1), (226, '2013-09-10 20:51:38', 1, '12', 1, 1), (227, '2013-09-10 21:08:20', 2, '15', 1, 1), (228, '2013-09-10 21:08:48', 0, '15', 1, 1), (229, '2013-09-10 21:09:07', 1, '15', 1, 1), (230, '2013-09-10 21:09:49', 1, '15', 1, 1), (231, '2013-09-11 10:51:59', 1, '10', 1, 1), (232, '2013-09-11 10:52:40', 2, '20', 1, 1), (233, '2013-09-11 10:59:20', 1, '4', 1, 1), (234, '2013-09-11 10:59:40', 1, '123', 1, 1), (235, '2013-09-11 11:07:13', 1, '123', 1, 1), (236, '2013-09-11 11:16:23', 1, '123', 1, 1), (237, '2013-09-11 11:25:08', 1, '123', 1, 1), (238, '2013-09-11 11:47:22', 1, '1', 1, 1), (239, '2013-09-11 22:43:08', 2, '22', 1, 1), (240, '2013-09-11 22:45:31', 0, '25', 1, 1), (241, '2013-09-11 22:48:43', 5, '25', 1, 1), (242, '2013-09-13 00:02:53', 1, '1', 3, 1), (243, '2013-09-13 00:15:06', 2, '1', 3, 1), (244, '2013-09-13 10:43:04', 3, '1', 1, 1), (245, '2013-09-13 10:47:17', 5, '1', 1, 1), (246, '2013-09-13 10:48:29', 0, '1', 1, 1);
/*!40000 ALTER TABLE `lotes` ENABLE KEYS */;
/*!40101 SET SQL_MODE=@OLD_SQL_MODE */;
/*!40014 SET FOREIGN_KEY_CHECKS=@OLD_FOREIGN_KEY_CHECKS */;
/*!40101 SET CHARACTER_SET_CLIENT=@OLD_CHARACTER_SET_CLIENT */;
